"Program","Processes","Run","Seconds"
"sum","1","1","0.005183364"
"sum","1","2","0.005396421"
"sum","1","3","0.004810074"
"sum","1","4","0.004784341"
"sum","1","5","0.005229802"
"sum","2","1","0.003660492"
"sum","2","2","0.002629889"
"sum","2","3","0.002476326"
"sum","2","4","0.002559804"
"sum","2","5","0.002195257"
"sum","3","1","0.001655897"
"sum","3","2","0.00202346"
"sum","3","3","0.001832788"
"sum","3","4","0.001969394"
"sum","3","5","0.00173886"
"pi","1","1","0.094854756"
"pi","1","2","0.095651222"
"pi","1","3","0.095066521"
"pi","1","4","0.094008488"
"pi","1","5","0.094697208"
"pi","2","1","0.047368993"
"pi","2","2","0.047453565"
"pi","2","3","0.047523502"
"pi","2","4","0.047807525"
"pi","2","5","0.047132737"
"pi","3","1","0.031731217"
"pi","3","2","0.031627135"
"pi","3","3","0.032140386"
"pi","3","4","0.032098712"
"pi","3","5","0.032043316"
